State,City,Year,Avg_AQI,Std_AQI,Avg_Water_Contamination,Avg_Industrial_Emission,Avg_Vehicular_Emission,Avg_GDP,Avg_Population,Avg_Public_Transport,Avg_AQI_Improvement,NCAP_Flag,CI_Lower,CI_Upper,Correlation_AQI_Emission,Projected_AQI_20pct_Cut
Andhra Pradesh,Amaravati,2010,159.2717,19.4609,1.1192,20464.75,117504.0,238596.0,2253.0,25.0,-0.6408,No,-2.6951,4.9335,-0.0054,149.72
Andhra Pradesh,Amaravati,2011,160.1292,19.1504,1.2058,29834.5,118862.0,252912.0,2276.0,25.0,0.2308,No,-2.5477,4.9593,-0.0054,150.52
Andhra Pradesh,Amaravati,2012,161.7083,22.8881,1.2825,31118.0,120613.0,268086.0,2307.0,25.0,1.4333,No,-3.2036,5.7686,-0.0054,152.01
Andhra Pradesh,Amaravati,2013,165.2692,19.1691,1.1008,21182.5,121145.0,284171.0,2317.0,25.0,-0.3825,No,-2.6563,4.8579,-0.0054,155.35
Andhra Pradesh,Amaravati,2014,170.9692,23.8009,1.225,26478.5,124761.0,301222.0,2381.0,25.0,-1.75,No,-3.44,5.89,-0.0054,160.71
Andhra Pradesh,Amaravati,2015,167.5992,21.4915,1.2233,30853.0,124078.0,319295.0,2369.0,25.0,0.5075,No,-2.989,5.4356,-0.0054,157.54
Andhra Pradesh,Amaravati,2016,168.1342,22.6749,1.1692,28281.5833,123878.0,338453.0,2365.0,25.0,0.5533,No,-3.2751,5.6135,-0.0054,158.05
Andhra Pradesh,Amaravati,2017,184.1437,43.8229,2.3452,149721.9167,57249.0208,262041.9167,83470.9583,38.6875,0.2592,No,-6.2441,10.9345,-0.0054,173.1
Andhra Pradesh,Amaravati,2018,99.2041,47.2485,2.6459,183661.263,36213.0137,235459.1589,112449.4027,41.1096,-1.087,No,-6.6148,11.9066,-0.0054,93.25
Andhra Pradesh,Amaravati,2019,94.7548,55.9681,2.6307,188540.2986,35501.1397,243645.8411,112149.1425,38.9781,-0.9071,No,-8.339,13.6004,-0.0054,89.07
Andhra Pradesh,Amaravati,2020,63.1122,31.257,2.6592,182645.0479,39221.117,251217.1436,109905.2819,39.6277,-0.8577,No,-3.4672,8.7856,-0.0054,59.33
Andhra Pradesh,Amaravati,2021,179.67,20.038,1.2592,28528.0,136433.0,452926.0,2587.0,25.0,-0.8242,Yes,-2.6682,5.1866,-0.0054,168.89
Andhra Pradesh,Amaravati,2022,176.4708,24.5822,1.135,32882.4167,134350.0,480102.0,2550.0,25.0,1.65,Yes,-3.6831,5.9531,-0.0054,165.88
Andhra Pradesh,Amaravati,2023,188.3083,23.7074,1.4242,35408.25,144236.0,508908.0,2724.0,25.0,-1.4625,Yes,-3.2225,6.0709,-0.0054,177.01
Andhra Pradesh,Amaravati,2024,182.8008,22.4822,1.0983,21994.0833,136728.0,539442.0,2592.0,25.0,-1.3758,Yes,-3.3082,5.5048,-0.0054,171.83
Andhra Pradesh,Amaravati,2025,175.8725,21.7396,1.2792,26302.8333,134109.0,571809.0,2546.0,25.0,-1.1908,Yes,-2.9818,5.5402,-0.0054,165.32
Andhra Pradesh,Visakhapatnam,2010,177.0292,24.9019,1.1142,20464.75,117504.0,117497.0,2253.0,40.0,-0.3558,No,-3.7666,5.995,-0.0054,166.41
Andhra Pradesh,Visakhapatnam,2011,178.8558,25.4497,1.1875,29834.5,118862.0,124547.0,2276.0,40.0,0.3517,No,-3.8006,6.1756,-0.0054,168.12
Andhra Pradesh,Visakhapatnam,2012,183.415,22.9417,1.285,31118.0,120613.0,132020.0,2307.0,40.0,-1.0908,No,-3.2116,5.7816,-0.0054,172.41
Andhra Pradesh,Visakhapatnam,2013,182.2342,25.205,1.0967,21182.5,121145.0,139941.0,2317.0,40.0,-0.0075,No,-3.8435,6.0369,-0.0054,171.3
Andhra Pradesh,Visakhapatnam,2014,186.4267,27.1513,1.2133,26478.5,124761.0,148338.0,2381.0,40.0,1.0883,No,-4.1084,6.535,-0.0054,175.24
Andhra Pradesh,Visakhapatnam,2015,186.2492,27.2417,1.2242,30853.0,124078.0,157238.0,2369.0,40.0,-0.45,No,-4.1152,6.5636,-0.0054,175.07
Andhra Pradesh,Visakhapatnam,2016,105.8437,26.7116,3.2112,370056.1158,1739847.6342,157405.8789,624.6684,34.3368,3.3315,No,-2.0243,8.4467,-0.0054,99.49
Andhra Pradesh,Visakhapatnam,2017,114.8425,40.5073,3.1768,158080.2493,1945204.2959,168194.7562,575.789,35.563,3.1001,No,-4.7626,11.1162,-0.0054,107.95
Andhra Pradesh,Visakhapatnam,2018,121.5178,55.5954,3.2506,268606.9616,2130338.5562,172349.2781,576.4575,36.3137,0.3038,No,-7.6461,14.1473,-0.0054,114.23
Andhra Pradesh,Visakhapatnam,2019,122.0315,61.6603,3.1795,181337.5534,2356559.0,188794.5096,586.1315,30.5726,0.7599,No,-8.9059,15.2649,-0.0054,114.71
Andhra Pradesh,Visakhapatnam,2020,88.5582,42.7685,2.9207,369004.1489,2536171.7846,200627.8085,640.3059,32.4761,1.8657,No,-5.4619,11.3033,-0.0054,83.24
Andhra Pradesh,Visakhapatnam,2021,199.3925,30.9756,1.2533,28528.0,136433.0,223045.0,2587.0,40.0,0.255,Yes,-4.8179,7.3245,-0.0054,187.43
Andhra Pradesh,Visakhapatnam,2022,196.3967,24.7805,1.14,32882.4167,134350.0,236428.0,2550.0,40.0,1.5542,Yes,-3.717,5.997,-0.0054,184.61
Andhra Pradesh,Visakhapatnam,2023,209.135,24.8729,1.4217,35408.25,144236.0,250613.0,2724.0,40.0,0.1158,Yes,-3.4534,6.2968,-0.0054,196.59
Andhra Pradesh,Visakhapatnam,2024,203.2767,25.7884,1.1075,21994.0833,136728.0,265650.0,2592.0,40.0,-0.8908,Yes,-3.947,6.162,-0.0054,191.08
Andhra Pradesh,Visakhapatnam,2025,200.5892,24.9186,1.29,26302.8333,134109.0,281589.0,2546.0,40.0,-1.6325,Yes,-3.594,6.174,-0.0054,188.55
Assam,Guwahati,2010,191.2875,25.1064,1.2683,28201.25,223961.0,148995.0,3174.0,35.0,0.2267,No,-3.6526,6.1892,-0.0054,179.81
Assam,Guwahati,2011,192.4625,27.5299,1.2242,26326.6667,225718.0,157935.0,3205.0,35.0,0.3633,No,-4.1717,6.6201,-0.0054,180.91
Assam,Guwahati,2012,194.5125,27.2882,1.0967,27509.8333,226216.0,167411.0,3213.0,35.0,-0.5925,No,-4.2518,6.4452,-0.0054,182.84
Assam,Guwahati,2013,197.1933,26.7845,1.37,29865.5,228611.0,177456.0,3256.0,35.0,0.7567,No,-3.8798,6.6198,-0.0054,185.36
Assam,Guwahati,2014,198.9858,23.7546,1.255,20785.1667,230414.0,188103.0,3287.0,35.0,0.415,No,-3.4009,5.9109,-0.0054,187.05
Assam,Guwahati,2015,205.2608,25.8531,1.175,30289.8333,232836.0,199389.0,3330.0,35.0,0.1342,No,-3.8922,6.2422,-0.0054,192.95
Assam,Guwahati,2016,199.4017,28.5109,1.3275,32677.75,230398.0,211352.0,3287.0,35.0,1.11,No,-4.2606,6.9156,-0.0054,187.44
Assam,Guwahati,2017,203.2608,26.3582,1.2608,28889.0,232599.0,224033.0,3326.0,35.0,-1.3025,No,-3.9054,6.427,-0.0054,191.07
Assam,Guwahati,2018,206.7308,24.9967,1.06,31172.4167,235546.0,237475.0,3378.0,35.0,-2.0283,No,-3.8394,5.9594,-0.0054,194.33
Assam,Guwahati,2019,128.0286,108.8063,3.295,457790.5094,1560132.15,200014.9031,1567.0797,32.5859,2.3048,Yes,-18.031,24.621,-0.0054,120.35
Assam,Guwahati,2020,162.9247,114.9938,3.0753,390504.1809,1633290.7926,217941.2261,1639.4043,33.8298,2.7872,No,-19.4635,25.6141,-0.0054,153.15
Assam,Guwahati,2021,206.83,28.1374,1.25,35048.4167,236331.0,282837.0,3392.0,35.0,-0.1717,Yes,-4.2649,6.7649,-0.0054,194.42
Assam,Guwahati,2022,214.2475,30.3825,1.1083,27548.25,242054.0,299807.0,3493.0,35.0,0.19,Yes,-4.8467,7.0633,-0.0054,201.39
Assam,Guwahati,2023,218.1708,26.9407,1.1683,31884.5833,244772.0,317796.0,3541.0,35.0,0.6483,Yes,-4.1121,6.4487,-0.0054,205.08
Assam,Guwahati,2024,214.3275,28.48,1.17,27583.0833,241701.0,336864.0,3487.0,35.0,-0.3483,Yes,-4.4121,6.7521,-0.0054,201.47
Assam,Guwahati,2025,212.6225,30.0502,1.3433,36775.25,239522.0,357075.0,3448.0,35.0,-0.8083,Yes,-4.5465,7.2331,-0.0054,199.87
Bihar,Patna,2010,133.8342,16.4864,1.24,29863.5833,149520.0,301984.0,597.0,29.0,-1.495,No,-1.9913,4.4713,-0.0054,125.8
Bihar,Patna,2011,135.7333,19.3512,1.2375,33499.6667,151160.0,320103.0,625.0,29.0,0.2217,No,-2.5553,5.0303,-0.0054,127.59
Bihar,Patna,2012,135.6658,16.3122,1.3733,28421.25,151770.0,339309.0,636.0,29.0,-0.6867,No,-1.8239,4.5705,-0.0054,127.53
Bihar,Patna,2013,139.6592,14.4644,1.4883,28204.6667,153570.0,359668.0,668.0,29.0,1.1508,No,-1.3467,4.3233,-0.0054,131.28
Bihar,Patna,2014,139.9383,17.7336,1.3033,33946.3333,154386.0,381248.0,682.0,29.0,0.1733,No,-2.1725,4.7791,-0.0054,131.54
Bihar,Patna,2015,206.4279,127.6271,4.0929,207974.6347,1688673.7032,382020.9361,1876.3014,29.1073,-0.6594,No,-20.922,29.1078,-0.0054,194.04
Bihar,Patna,2016,246.4877,129.1427,4.0692,209994.7022,1744320.347,390188.582,1941.3429,38.1708,-0.6898,No,-21.2428,29.3812,-0.0054,231.7
Bihar,Patna,2017,225.1301,118.5568,4.0329,228541.5055,2006788.9781,419562.9918,1961.5096,35.9493,2.5061,No,-19.2042,27.27,-0.0054,211.62
Bihar,Patna,2018,234.2685,113.9596,4.1675,245135.5315,2222083.4384,459315.6781,1962.5685,34.9849,0.9414,No,-18.1686,26.5036,-0.0054,220.21
Bihar,Patna,2019,218.1301,119.2081,4.2051,229733.4247,2388533.2466,444680.0205,1997.7589,35.7082,2.0464,Yes,-19.1597,27.5699,-0.0054,205.04
Bihar,Patna,2020,162.084,68.0627,3.9246,464633.5239,2511020.0904,468672.2819,1989.8564,35.5957,0.0703,Yes,-9.4157,17.2649,-0.0054,152.36
Bihar,Patna,2021,161.0333,21.338,1.2792,31547.5833,168694.0,573256.0,935.0,29.0,0.26,Yes,-2.903,5.4614,-0.0054,151.37
Bihar,Patna,2022,154.2133,19.6675,1.48,24754.0,166142.0,607652.0,890.0,29.0,-0.1658,Yes,-2.3748,5.3348,-0.0054,144.96
Bihar,Patna,2023,158.695,17.6202,1.2633,28539.8333,172366.0,644111.0,1000.0,29.0,-0.7017,Yes,-2.1903,4.7169,-0.0054,149.17
Bihar,Patna,2024,155.7425,23.1285,1.1533,34274.8333,167183.0,682757.0,908.0,29.0,0.065,Yes,-3.3799,5.6865,-0.0054,146.4
Bihar,Patna,2025,168.7325,21.1667,1.3658,35210.4167,178599.0,723723.0,1110.0,29.0,1.0317,Yes,-2.7829,5.5145,-0.0054,158.61
Chandigarh,Chandigarh,2010,113.6358,14.9275,1.4,25471.75,247569.0,819759.0,3158.0,44.0,-0.4108,No,-1.5258,4.3258,-0.0054,106.82
Chandigarh,Chandigarh,2011,111.695,12.181,1.1008,29256.4167,249668.0,868945.0,3195.0,44.0,-0.5292,No,-1.2867,3.4883,-0.0054,104.99
Chandigarh,Chandigarh,2012,114.2283,14.9095,1.26,33905.9167,250705.0,921081.0,3213.0,44.0,-0.0667,No,-1.6623,4.1823,-0.0054,107.37
Chandigarh,Chandigarh,2013,114.0958,17.4647,1.3267,27985.5833,251325.0,976346.0,3224.0,44.0,0.8617,No,-2.0964,4.7498,-0.0054,107.25
Chandigarh,Chandigarh,2014,118.4933,14.7519,1.3825,27088.75,255737.0,1034927.0,3302.0,44.0,-0.3233,No,-1.5089,4.2739,-0.0054,111.38
Chandigarh,Chandigarh,2015,114.6758,12.815,1.28,26251.9167,252850.0,1097022.0,3251.0,44.0,0.925,No,-1.2317,3.7917,-0.0054,107.8
Chandigarh,Chandigarh,2016,118.5425,14.8117,1.2483,26899.6667,258722.0,1162844.0,3354.0,44.0,-0.845,No,-1.6548,4.1514,-0.0054,111.43
Chandigarh,Chandigarh,2017,122.7625,18.465,0.9383,33170.4167,259080.0,1232614.0,3361.0,44.0,0.9033,No,-2.6808,4.5574,-0.0054,115.4
Chandigarh,Chandigarh,2018,118.1192,15.0761,1.0292,28956.1667,257725.0,1306571.0,3337.0,44.0,-0.0467,No,-1.9257,3.9841,-0.0054,111.03
Chandigarh,Chandigarh,2019,132.9986,66.4781,3.8553,157411.7674,1499038.124,1149503.9225,9958.1783,35.0,5.9789,Yes,-9.1744,16.885,-0.0054,125.02
Chandigarh,Chandigarh,2020,72.8842,28.2988,4.1215,199990.8191,1753830.6968,1263357.9947,10218.8936,34.1197,1.0233,No,-1.4251,9.6681,-0.0054,68.51
Chandigarh,Chandigarh,2021,126.3058,15.1852,1.1017,25213.1667,263741.0,1556147.0,3443.0,44.0,1.4817,Yes,-1.8746,4.078,-0.0054,118.73
Chandigarh,Chandigarh,2022,127.9325,16.1339,1.1775,34544.25,265317.0,1649516.0,3471.0,44.0,0.6067,Yes,-1.9847,4.3397,-0.0054,120.26
Chandigarh,Chandigarh,2023,124.07,20.1247,1.1783,22705.1667,260954.0,1748487.0,3394.0,44.0,0.4667,Yes,-2.7661,5.1227,-0.0054,116.63
Chandigarh,Chandigarh,2024,129.4933,15.6773,1.3058,31850.6667,269313.0,1853396.0,3541.0,44.0,0.0842,Yes,-1.767,4.3786,-0.0054,121.72
Chandigarh,Chandigarh,2025,139.4792,18.4124,1.3642,26268.0,275880.0,1964600.0,3657.0,44.0,-0.6258,Yes,-2.2446,4.973,-0.0054,131.11
Delhi,Delhi,2010,197.7983,23.1532,1.4117,22352.8333,228801.0,1937536.0,1360.0,44.0,0.06,No,-3.1263,5.9497,-0.0054,185.93
Delhi,Delhi,2011,197.8608,25.8397,1.1975,26752.0833,230709.0,2053788.0,1393.0,44.0,0.5542,No,-3.8671,6.2621,-0.0054,185.99
Delhi,Delhi,2012,197.705,28.2193,1.2425,30619.6667,230970.0,2177015.0,1398.0,44.0,-0.0092,No,-4.2885,6.7735,-0.0054,185.84
Delhi,Delhi,2013,196.7608,22.5053,1.2783,27826.25,232005.0,2307636.0,1416.0,44.0,-1.125,No,-3.1327,5.6893,-0.0054,184.96
Delhi,Delhi,2014,203.665,25.7719,1.1825,37880.5,235918.0,2446094.0,1485.0,44.0,0.0617,No,-3.8688,6.2338,-0.0054,191.45
Delhi,Delhi,2015,297.0247,81.8549,5.6845,211498.6315,9708210.0836,2591452.1603,12032.2658,54.7178,-0.1632,No,-10.3591,21.7281,-0.0054,279.2
Delhi,Delhi,2016,300.9016,123.3007,5.6965,307522.3128,10076179.9959,2964584.4303,12165.6148,54.9672,1.4965,No,-18.4704,29.8634,-0.0054,282.85
Delhi,Delhi,2017,253.337,137.6965,5.6616,243745.7151,11231791.9151,2995976.8795,12265.2822,54.426,0.8847,No,-21.3269,32.6501,-0.0054,238.14
Delhi,Delhi,2018,249.1589,114.2832,5.6871,254131.0589,12441376.1164,3009915.9973,12334.9315,54.0781,3.0419,No,-16.7124,28.0866,-0.0054,234.21
Delhi,Delhi,2019,232.1041,117.5978,5.6691,198120.2068,13698054.4753,3223457.4671,12529.5863,54.389,3.0961,Yes,-17.3801,28.7183,-0.0054,218.18
Delhi,Delhi,2020,182.9096,89.8005,5.5883,220994.9202,14658929.5479,3361366.3936,12341.2074,53.4362,2.7218,Yes,-12.0126,23.1892,-0.0054,171.94
Delhi,Delhi,2021,209.5767,25.8581,1.185,35671.0833,242705.0,3678021.0,1605.0,44.0,-0.6592,Yes,-3.8832,6.2532,-0.0054,197.0
Delhi,Delhi,2022,220.2475,31.4201,1.25,25682.0833,251805.0,3898703.0,1765.0,44.0,-0.6083,Yes,-4.9083,7.4083,-0.0054,207.03
Delhi,Delhi,2023,218.4058,33.4388,1.27,23708.8333,245328.0,4132625.0,1651.0,44.0,0.78,Yes,-5.284,7.824,-0.0054,205.3
Delhi,Delhi,2024,227.5525,23.4204,1.1158,30549.75,255493.0,4380582.0,1831.0,44.0,0.5742,Yes,-3.4746,5.7062,-0.0054,213.9
Delhi,Delhi,2025,229.9167,26.5297,1.2,28796.0833,257842.0,4643417.0,1872.0,44.0,-1.5775,Yes,-3.9998,6.3998,-0.0054,216.12
Gujarat,Ahmedabad,2010,140.4392,18.1662,1.3867,32191.75,142244.0,4183396.0,3455.0,31.0,-0.5817,No,-2.1739,4.9473,-0.0054,132.01
Gujarat,Ahmedabad,2011,144.28,15.389,1.1467,25690.1667,143296.0,4434399.0,3473.0,31.0,1.525,No,-1.8695,4.1629,-0.0054,135.62
Gujarat,Ahmedabad,2012,146.3675,17.8365,1.185,25018.75,144598.0,4700463.0,3496.0,31.0,1.0325,No,-2.311,4.681,-0.0054,137.59
Gujarat,Ahmedabad,2013,146.1883,19.3347,1.2292,26718.8333,146055.0,4982491.0,3522.0,31.0,0.7525,No,-2.5604,5.0188,-0.0054,137.42
Gujarat,Ahmedabad,2014,148.9383,19.0031,1.1408,35501.0,150634.0,5281441.0,3603.0,31.0,-0.3642,No,-2.5838,4.8654,-0.0054,140.0
Gujarat,Ahmedabad,2015,348.5877,178.2186,2.2037,253158.0671,4018171.4699,5655401.1301,10361.9315,33.9397,2.5366,No,-32.7271,37.1345,-0.0054,327.67
Gujarat,Ahmedabad,2016,365.2145,148.5377,2.0667,195022.9426,4457176.929,5988681.8852,10431.7978,35.5779,2.232,No,-27.0467,31.1801,-0.0054,343.3
Gujarat,Ahmedabad,2017,415.5904,197.0277,2.0937,212028.9342,4853858.411,6048309.3151,10467.3781,34.9014,1.0311,No,-36.5237,40.7111,-0.0054,390.65
Gujarat,Ahmedabad,2018,616.7384,340.5358,2.0245,140922.6945,5117052.411,6384889.6877,10639.0932,35.8644,0.9249,No,-64.7205,68.7695,-0.0054,579.73
Gujarat,Ahmedabad,2019,509.2027,273.1147,2.1105,184012.9493,5925439.8822,6644254.6301,10787.8178,32.9,1.6081,Yes,-51.42,55.641,-0.0054,478.65
Gujarat,Ahmedabad,2020,246.4869,219.7476,2.0053,201596.0053,6204280.5479,7010306.9814,10614.758,38.3404,2.5662,Yes,-41.0652,45.0758,-0.0054,231.7
Gujarat,Ahmedabad,2021,159.18,19.9813,1.0,18435.4167,155927.0,7941334.0,3696.0,31.0,-1.6733,Yes,-2.9163,4.9163,-0.0054,149.63
Gujarat,Ahmedabad,2022,156.9575,20.927,1.2842,24381.25,154532.0,8417814.0,3671.0,31.0,-0.595,Yes,-2.8175,5.3859,-0.0054,147.54
Gujarat,Ahmedabad,2023,171.7325,22.6976,1.3792,25299.0833,164796.0,8922883.0,3852.0,31.0,-0.7267,Yes,-3.0695,5.8279,-0.0054,161.43
Gujarat,Ahmedabad,2024,177.8217,22.6385,1.1717,23184.6667,170289.0,9458256.0,3949.0,31.0,-0.1267,Yes,-3.2654,5.6088,-0.0054,167.15
Gujarat,Ahmedabad,2025,185.1633,24.8067,1.1583,31238.3333,173034.0,10025751.0,3998.0,31.0,-0.8225,Yes,-3.7038,6.0204,-0.0054,174.05
Haryana,Gurugram,2010,129.8833,16.9839,1.1008,19453.5833,16156.0,2035921.0,4989.0,16.0,-0.3833,No,-2.228,4.4296,-0.0054,122.09
Haryana,Gurugram,2011,131.9025,15.5584,1.4317,26953.0,17590.0,2158077.0,5014.0,16.0,-0.8283,No,-1.6177,4.4811,-0.0054,123.99
Haryana,Gurugram,2012,133.58,18.9595,1.1658,25661.9167,19753.0,2287561.0,5052.0,16.0,-0.0858,No,-2.5503,4.8819,-0.0054,125.57
Haryana,Gurugram,2013,138.635,17.2096,1.1958,25831.5,22129.0,2424815.0,5094.0,16.0,-1.405,No,-2.1773,4.5689,-0.0054,130.32
Haryana,Gurugram,2014,137.8608,18.4433,0.9467,22647.6667,23243.0,2570304.0,5114.0,16.0,-0.8167,No,-2.6682,4.5616,-0.0054,129.59
Haryana,Gurugram,2015,289.8867,85.0148,2.9867,595859.2667,121793.3778,2198933.1333,172019.6,30.8444,-0.5553,No,-13.6762,19.6496,-0.0054,272.49
Haryana,Gurugram,2016,220.2131,119.675,3.5346,780441.8743,144175.1612,2074929.112,224684.0246,39.1612,-0.8913,No,-19.9217,26.9909,-0.0054,207.0
Haryana,Gurugram,2017,274.3767,125.0932,3.4543,764312.0986,150820.8548,2137996.5918,224988.4904,39.2055,-0.8419,No,-21.064,27.9726,-0.0054,257.91
Haryana,Gurugram,2018,231.2151,106.3075,3.4915,796443.326,148228.6466,2085288.7781,226250.1753,39.611,-1.0193,No,-17.3448,24.3278,-0.0054,217.34
Haryana,Gurugram,2019,195.211,109.6989,3.478,785375.2137,150138.1507,2089663.4904,223845.3534,39.6795,-1.2445,No,-18.023,24.979,-0.0054,183.5
Haryana,Gurugram,2020,158.4912,65.6444,3.4905,747357.3511,142276.2553,2138886.2926,217176.6277,37.9734,-0.9787,No,-9.3758,16.3568,-0.0054,148.98
Haryana,Gurugram,2021,151.0225,20.9771,1.4758,26685.8333,34309.0,3864787.0,5309.0,16.0,-0.6825,Yes,-2.6357,5.5873,-0.0054,141.96
Haryana,Gurugram,2022,155.4333,20.7056,1.1358,26569.75,36724.0,4096674.0,5351.0,16.0,-0.2333,Yes,-2.9225,5.1941,-0.0054,146.11
Haryana,Gurugram,2023,151.3108,20.5568,1.3217,28355.8333,30784.0,4342474.0,5247.0,16.0,0.73,Yes,-2.7074,5.3508,-0.0054,142.23
Haryana,Gurugram,2024,167.0008,21.705,1.3317,25385.0833,42598.0,4603023.0,5455.0,16.0,-0.6392,Yes,-2.9225,5.5859,-0.0054,156.98
Haryana,Gurugram,2025,165.5033,20.0075,1.2117,32466.3333,43806.0,4879204.0,5476.0,16.0,-0.5008,Yes,-2.7098,5.1332,-0.0054,155.57
Jharkhand,Jorapokhar,2010,157.9608,19.3407,1.1492,26817.8333,60823.0,48098.0,854.0,20.0,-0.2142,No,-2.6416,4.94,-0.0054,148.48
Jharkhand,Jorapokhar,2011,160.295,21.9194,1.2567,28271.9167,62258.0,50984.0,879.0,20.0,-0.635,No,-3.0395,5.5529,-0.0054,150.68
Jharkhand,Jorapokhar,2012,162.1075,19.0595,1.1408,32003.5,64276.0,54043.0,914.0,20.0,-0.1208,No,-2.5949,4.8765,-0.0054,152.38
Jharkhand,Jorapokhar,2013,164.44,22.7278,1.3292,23900.5,65390.0,57286.0,934.0,20.0,-0.4808,No,-3.1254,5.7838,-0.0054,154.57
Jharkhand,Jorapokhar,2014,170.8275,22.5838,1.1967,23835.5,69212.0,60723.0,1002.0,20.0,-0.3867,No,-3.2297,5.6231,-0.0054,160.58
Jharkhand,Jorapokhar,2015,164.2658,21.5117,1.0983,27494.25,66007.0,64366.0,945.0,20.0,-0.3525,No,-3.118,5.3146,-0.0054,154.41
Jharkhand,Jorapokhar,2016,171.7842,20.3762,1.2408,32852.6667,72621.0,68228.0,1062.0,20.0,-0.4408,No,-2.7529,5.2345,-0.0054,161.48
Jharkhand,Jorapokhar,2017,136.7432,57.037,4.9332,1225386.39,233600.9614,56231.7992,29798.5714,39.7954,-0.9422,No,-6.2461,16.1125,-0.0054,128.54
Jharkhand,Jorapokhar,2018,163.8671,90.2421,5.0119,1251389.8301,240803.0082,56853.7534,30348.0356,38.5288,-1.1744,No,-12.6756,22.6994,-0.0054,154.04
Jharkhand,Jorapokhar,2019,151.0055,82.5024,5.0237,1233117.1863,240596.3863,56623.389,29979.9781,39.8438,-1.0038,No,-11.1468,21.1942,-0.0054,141.95
Jharkhand,Jorapokhar,2020,146.9366,38.4652,4.8558,1222748.5372,229121.5638,57486.1809,28773.0851,40.1489,-0.8804,No,-2.6834,12.395,-0.0054,138.12
Jharkhand,Jorapokhar,2021,186.0767,26.5203,1.2775,24989.3333,82801.0,91304.0,1241.0,20.0,0.3592,Yes,-3.9205,6.4755,-0.0054,174.91
Jharkhand,Jorapokhar,2022,179.6533,22.8239,1.2567,26817.75,75538.0,96783.0,1113.0,20.0,-1.0458,Yes,-3.2168,5.7302,-0.0054,168.87
Jharkhand,Jorapokhar,2023,179.97,23.7062,1.2267,24636.3333,77548.0,102590.0,1149.0,20.0,-0.3408,Yes,-3.4197,5.8731,-0.0054,169.17
Jharkhand,Jorapokhar,2024,185.52,24.5892,1.3325,24047.9167,80254.0,108745.0,1196.0,20.0,1.3133,Yes,-3.487,6.152,-0.0054,174.39
Jharkhand,Jorapokhar,2025,185.1883,21.3812,1.2808,29919.1667,78415.0,115270.0,1164.0,20.0,0.9583,Yes,-2.9099,5.4715,-0.0054,174.08
Karnataka,Bengaluru,2010,97.3725,13.7354,1.0317,27963.25,103736.0,1978388.0,12399.0,50.0,0.6475,No,-1.6604,3.7238,-0.0054,91.53
Karnataka,Bengaluru,2011,99.1575,12.5898,1.2783,23733.0833,105574.0,2097091.0,12431.0,50.0,-0.7883,No,-1.1893,3.7459,-0.0054,93.21
Karnataka,Bengaluru,2012,100.3058,13.8878,1.0375,31056.75,106169.0,2222916.0,12441.0,50.0,-0.0992,No,-1.6845,3.7595,-0.0054,94.29
Karnataka,Bengaluru,2013,103.2892,12.5024,1.1842,21109.3333,108331.0,2356291.0,12480.0,50.0,-0.165,No,-1.2663,3.6347,-0.0054,97.09
Karnataka,Bengaluru,2014,101.31,13.8061,1.0825,29134.5833,107970.0,2497669.0,12473.0,50.0,0.8908,No,-1.6235,3.7885,-0.0054,95.23
Karnataka,Bengaluru,2015,110.2959,45.0039,4.1448,399680.5959,5979186.9178,2644452.9479,4654.5548,56.1205,2.4279,No,-4.676,12.9656,-0.0054,103.68
Karnataka,Bengaluru,2016,103.9317,51.4949,4.2473,188849.123,6301138.3934,2777224.6516,4708.2541,52.5601,1.4579,No,-5.8457,14.3403,-0.0054,97.7
Karnataka,Bengaluru,2017,87.063,37.5733,4.0167,394597.1603,7243591.2192,2817010.5452,4740.6301,55.7342,0.6049,No,-3.3477,11.3811,-0.0054,81.84
Karnataka,Bengaluru,2018,86.4877,28.5152,4.1982,282004.2795,7441262.0904,3190446.1685,4809.9123,55.8918,0.7311,No,-1.3908,9.7872,-0.0054,81.3
Karnataka,Bengaluru,2019,91.6027,27.0403,4.2019,273231.7767,8370581.063,3233297.7068,4866.1685,50.7068,2.7859,Yes,-1.098,9.5018,-0.0054,86.11
Karnataka,Bengaluru,2020,80.847,20.577,3.8693,235593.4973,9072984.0851,3424380.6888,5108.5027,53.5266,0.3685,Yes,-0.1638,7.9024,-0.0054,76.0
Karnataka,Bengaluru,2021,110.2217,14.6152,1.1942,34242.0,115549.0,3755570.0,12607.0,50.0,0.1767,Yes,-1.6704,4.0588,-0.0054,103.61
Karnataka,Bengaluru,2022,112.7717,14.0204,1.3133,26383.5833,116859.0,3980905.0,12630.0,50.0,0.3458,Yes,-1.4347,4.0613,-0.0054,106.01
Karnataka,Bengaluru,2023,121.0458,15.9057,0.955,29986.0,123479.0,4219759.0,12747.0,50.0,-0.2042,Yes,-2.1625,4.0725,-0.0054,113.78
Karnataka,Bengaluru,2024,129.7,18.2466,1.3408,26206.9167,129177.0,4472945.0,12847.0,50.0,-0.0475,Yes,-2.2355,4.9171,-0.0054,121.92
Karnataka,Bengaluru,2025,134.1592,18.9884,1.165,27096.1667,133808.0,4741321.0,12929.0,50.0,-0.6283,Yes,-2.5567,4.8867,-0.0054,126.11
Kerala,Ernakulam,2010,207.2,27.8435,1.4158,23247.8333,75555.0,444777.0,7175.0,52.0,0.2017,No,-4.0415,6.8731,-0.0054,194.77
Kerala,Ernakulam,2011,211.8433,29.7386,1.265,25592.8333,77050.0,471464.0,7201.0,52.0,0.1858,No,-4.5638,7.0938,-0.0054,199.13
Kerala,Ernakulam,2012,213.3842,23.2282,1.3133,22939.6667,79331.0,499751.0,7241.0,52.0,0.6025,No,-3.2394,5.866,-0.0054,200.58
Kerala,Ernakulam,2013,213.2775,28.0064,1.1542,26732.3333,79777.0,529737.0,7249.0,52.0,-2.0508,No,-4.3351,6.6435,-0.0054,200.48
Kerala,Ernakulam,2014,212.2592,25.1696,1.2733,28228.6667,80254.0,561521.0,7257.0,52.0,-0.2125,No,-3.6599,6.2065,-0.0054,199.52
Kerala,Ernakulam,2015,215.3842,25.9693,1.2283,21845.0,82505.0,595212.0,7297.0,52.0,2.2908,No,-3.8617,6.3183,-0.0054,202.46
Kerala,Ernakulam,2016,215.4075,23.7865,0.9758,29266.75,84121.0,630925.0,7326.0,52.0,-1.1325,No,-3.6864,5.638,-0.0054,202.48
Kerala,Ernakulam,2017,223.4283,28.1407,1.215,32972.6667,90081.0,668780.0,7431.0,52.0,-0.2117,No,-4.3006,6.7306,-0.0054,210.02
Kerala,Ernakulam,2018,218.9208,27.5934,1.1542,22802.5,84198.0,708907.0,7327.0,52.0,-1.5117,No,-4.2541,6.5625,-0.0054,205.79
Kerala,Ernakulam,2019,228.7858,28.3064,1.2942,29622.4167,94234.0,751441.0,7504.0,52.0,-0.8375,Yes,-4.2539,6.8423,-0.0054,215.06
Kerala,Ernakulam,2020,97.6851,31.0041,2.409,322324.0659,67149.7725,736258.7545,178933.7305,39.4251,-0.926,No,-3.6678,8.4858,-0.0054,91.82
Kerala,Ernakulam,2021,229.0083,29.3573,1.5042,23353.4167,92303.0,844320.0,7470.0,52.0,-0.7583,Yes,-4.2498,7.2582,-0.0054,215.27
Kerala,Ernakulam,2022,223.7583,27.3552,1.2608,19342.0833,91439.0,894979.0,7455.0,52.0,-0.6317,Yes,-4.1008,6.6224,-0.0054,210.33
Kerala,Ernakulam,2023,229.79,30.1811,1.3492,27366.6667,94668.0,948678.0,7512.0,52.0,-0.1233,Yes,-4.5663,7.2647,-0.0054,216.0
Kerala,Ernakulam,2024,237.6442,34.2613,1.515,26142.8333,100416.0,1005598.0,7613.0,52.0,-0.1667,Yes,-5.2002,8.2302,-0.0054,223.39
Kerala,Ernakulam,2025,236.6375,35.7733,1.1808,30482.25,100160.0,1065934.0,7609.0,52.0,-1.3075,Yes,-5.8308,8.1924,-0.0054,222.44
Kerala,Kochi,2010,231.5717,31.3404,1.42,23247.8333,75555.0,537522.0,7175.0,37.0,1.2225,No,-4.7227,7.5627,-0.0054,217.68
Kerala,Kochi,2011,233.095,33.3791,1.2625,25592.8333,77050.0,569774.0,7201.0,37.0,-0.7933,No,-5.2798,7.8048,-0.0054,219.11
Kerala,Kochi,2012,237.3742,30.5079,1.3108,22939.6667,79331.0,603960.0,7241.0,37.0,1.165,No,-4.6687,7.2903,-0.0054,223.13
Kerala,Kochi,2013,233.6158,31.1258,1.1592,26732.3333,79777.0,640198.0,7249.0,37.0,0.8458,No,-4.9415,7.2599,-0.0054,219.6
Kerala,Kochi,2014,237.2308,29.1018,1.2717,28228.6667,80254.0,678609.0,7257.0,37.0,-0.1767,No,-4.4323,6.9757,-0.0054,223.0
Kerala,Kochi,2015,239.4083,32.9834,1.2125,21845.0,82505.0,719326.0,7297.0,37.0,0.6558,No,-5.2522,7.6772,-0.0054,225.04
Kerala,Kochi,2016,238.33,29.9031,0.9833,29266.75,84121.0,762486.0,7326.0,37.0,0.7142,No,-4.8777,6.8443,-0.0054,224.03
Kerala,Kochi,2017,248.7025,31.9148,1.2133,32972.6667,90081.0,808235.0,7431.0,37.0,-0.6808,No,-5.042,7.4686,-0.0054,233.78
Kerala,Kochi,2018,237.4975,28.6402,1.145,22802.5,84198.0,856729.0,7327.0,37.0,-0.1158,No,-4.4685,6.7585,-0.0054,223.25
Kerala,Kochi,2019,251.4983,29.8184,1.285,29622.4167,94234.0,908133.0,7504.0,37.0,0.6992,Yes,-4.5594,7.1294,-0.0054,236.41
Kerala,Kochi,2020,109.0387,42.9721,2.6225,417661.4431,85826.0539,948675.7605,303532.2036,37.8802,-1.1582,No,-5.8,11.045,-0.0054,102.5
Kerala,Kochi,2021,248.9183,38.4574,1.5233,23353.4167,92303.0,1020378.0,7470.0,37.0,0.4242,Yes,-6.0144,9.061,-0.0054,233.98
Kerala,Kochi,2022,248.4733,32.5666,1.2725,19342.0833,91439.0,1081600.0,7455.0,37.0,-0.0175,Yes,-5.1106,7.6556,-0.0054,233.56
Kerala,Kochi,2023,252.3267,35.8494,1.3558,27366.6667,94668.0,1146496.0,7512.0,37.0,-0.9708,Yes,-5.6707,8.3823,-0.0054,237.19
Kerala,Kochi,2024,261.3267,34.6035,1.5017,26142.8333,100416.0,1215286.0,7613.0,37.0,-0.8608,Yes,-5.2806,8.284,-0.0054,245.65
Kerala,Kochi,2025,260.6233,37.8062,1.1758,30482.25,100160.0,1288203.0,7609.0,37.0,0.81,Yes,-6.2342,8.5858,-0.0054,244.99
Kerala,Thiruvananthapuram,2010,133.145,14.446,1.2167,26259.5,197662.0,625153.0,12487.0,57.0,-0.2158,No,-1.6147,4.0481,-0.0054,125.16
Kerala,Thiruvananthapuram,2011,134.42,17.0823,1.2983,27084.25,198830.0,662662.0,12507.0,57.0,0.2292,No,-2.0498,4.6464,-0.0054,126.35
Kerala,Thiruvananthapuram,2012,137.6417,19.8975,1.055,27974.4167,201379.0,702422.0,12552.0,57.0,-0.4892,No,-2.8449,4.9549,-0.0054,129.38
Kerala,Thiruvananthapuram,2013,137.7075,16.8767,1.2792,26816.8333,201674.0,744567.0,12557.0,57.0,1.25,No,-2.0286,4.587,-0.0054,129.45
Kerala,Thiruvananthapuram,2014,141.5575,20.6877,1.1858,28109.9167,203555.0,789242.0,12590.0,57.0,-1.1333,No,-2.869,5.2406,-0.0054,133.06
Kerala,Thiruvananthapuram,2015,142.8033,17.2402,1.3858,32203.75,206417.0,836596.0,12641.0,57.0,-0.7342,No,-1.9933,4.7649,-0.0054,134.24
Kerala,Thiruvananthapuram,2016,143.7908,21.537,1.265,29174.3333,205952.0,886792.0,12633.0,57.0,0.5758,No,-2.9563,5.4863,-0.0054,135.16
Kerala,Thiruvananthapuram,2017,69.3016,26.1526,2.2968,255275.25,51972.5098,633240.951,249170.348,40.7108,-1.2246,No,-2.8291,7.4227,-0.0054,65.14
Kerala,Thiruvananthapuram,2018,83.3671,32.3367,2.3202,255124.337,50002.8301,627358.989,253589.4575,39.2712,-1.0719,No,-4.0178,8.6582,-0.0054,78.37
Kerala,Thiruvananthapuram,2019,75.2164,26.4446,2.2909,263632.0685,49891.8466,635397.7123,256868.863,40.074,-1.1102,No,-2.8922,7.474,-0.0054,70.7
Kerala,Thiruvananthapuram,2020,68.9172,25.3299,2.3521,251941.2447,55225.1809,658819.5479,247334.1543,39.5372,-0.8063,No,-2.6126,7.3168,-0.0054,64.78
Kerala,Thiruvananthapuram,2021,160.7342,20.6116,1.2083,29154.8333,217303.0,1186727.0,12833.0,57.0,0.5017,Yes,-2.8316,5.2482,-0.0054,151.09
Kerala,Thiruvananthapuram,2022,165.7017,21.4621,1.1192,20714.3333,223105.0,1257931.0,12935.0,57.0,-0.8217,Yes,-3.0874,5.3258,-0.0054,155.76
Kerala,Thiruvananthapuram,2023,155.4183,21.4496,1.2217,30892.8333,216423.0,1333407.0,12818.0,57.0,1.9725,Yes,-2.9824,5.4258,-0.0054,146.09
Kerala,Thiruvananthapuram,2024,162.1333,20.5239,1.2475,28130.9167,220056.0,1413411.0,12882.0,57.0,0.2017,Yes,-2.7752,5.2702,-0.0054,152.41
Kerala,Thiruvananthapuram,2025,166.2033,23.5879,1.24,29117.6667,224592.0,1498216.0,12962.0,57.0,0.7083,Yes,-3.3832,5.8632,-0.0054,156.23
Madhya Pradesh,Bhopal,2010,121.0767,14.8565,1.1283,26440.0,18839.0,297512.0,11244.0,39.0,1.0975,No,-1.7836,4.0402,-0.0054,113.81
Madhya Pradesh,Bhopal,2011,123.67,17.4978,1.255,21957.6667,20761.0,315363.0,11277.0,39.0,-0.3025,No,-2.1746,4.6846,-0.0054,116.25
Madhya Pradesh,Bhopal,2012,125.0708,15.7528,1.1317,26855.4167,21857.0,334284.0,11297.0,39.0,0.835,No,-1.9558,4.2192,-0.0054,117.57
Madhya Pradesh,Bhopal,2013,127.8533,17.9126,1.26,33822.9167,23134.0,354341.0,11319.0,39.0,1.265,No,-2.2509,4.7709,-0.0054,120.18
Madhya Pradesh,Bhopal,2014,127.8492,16.3903,0.9192,29879.3333,24564.0,375602.0,11345.0,39.0,-0.2708,No,-2.2933,4.1317,-0.0054,120.18
Madhya Pradesh,Bhopal,2015,134.16,18.2023,1.3783,30426.9167,26775.0,398138.0,11384.0,39.0,-1.0683,No,-2.1894,4.946,-0.0054,126.11
Madhya Pradesh,Bhopal,2016,131.1142,16.1464,1.2758,28693.9167,27155.0,422026.0,11390.0,39.0,-1.5817,No,-1.8889,4.4405,-0.0054,123.25
Madhya Pradesh,Bhopal,2017,137.9625,20.3028,1.15,26372.9167,31776.0,447348.0,11472.0,39.0,0.64,No,-2.8293,5.1293,-0.0054,129.68
Madhya Pradesh,Bhopal,2018,135.1242,17.7582,1.1925,20818.0833,29341.0,474189.0,11429.0,39.0,1.1583,No,-2.2881,4.6731,-0.0054,127.02
Madhya Pradesh,Bhopal,2019,160.291,64.898,3.7368,480840.8596,2405827.4298,424362.1316,2037.2061,32.2412,1.5197,Yes,-8.9832,16.4568,-0.0054,150.67
Madhya Pradesh,Bhopal,2020,115.5227,37.5266,3.6043,231649.5053,2842925.2606,416517.7447,1584.3032,36.8963,2.3879,Yes,-3.7509,10.9595,-0.0054,108.59
Madhya Pradesh,Bhopal,2021,139.7392,18.9304,1.345,32607.1667,30703.0,564766.0,11453.0,39.0,-0.4,Yes,-2.3654,5.0554,-0.0054,131.35
Madhya Pradesh,Bhopal,2022,143.745,15.5449,1.25,30487.0833,36064.0,598652.0,11547.0,39.0,-0.6442,Yes,-1.7968,4.2968,-0.0054,135.12
Madhya Pradesh,Bhopal,2023,142.6058,18.1711,1.2608,28580.25,34667.0,634571.0,11523.0,39.0,0.0775,Yes,-2.3007,4.8223,-0.0054,134.05
Madhya Pradesh,Bhopal,2024,152.5825,20.1646,1.1333,25636.8333,43856.0,672646.0,11685.0,39.0,0.8008,Yes,-2.819,5.0856,-0.0054,143.43
Madhya Pradesh,Bhopal,2025,145.9842,18.6314,1.0708,30646.0833,36133.0,713005.0,11549.0,39.0,1.7867,Yes,-2.581,4.7226,-0.0054,137.23
Maharashtra,Mumbai,2010,118.2175,17.6761,1.2367,16964.4167,93025.0,15254936.0,8682.0,61.0,-0.6858,No,-2.2278,4.7012,-0.0054,111.12
Maharashtra,Mumbai,2011,122.8733,16.6243,1.4658,28918.8333,95028.0,16170233.0,8717.0,61.0,-0.1542,No,-1.7926,4.7242,-0.0054,115.5
Maharashtra,Mumbai,2012,123.03,15.3807,1.1233,31414.0833,96529.0,17140446.0,8743.0,61.0,1.3725,No,-1.8913,4.1379,-0.0054,115.65
Maharashtra,Mumbai,2013,123.6525,15.6181,1.3617,27555.0833,98466.0,18168873.0,8778.0,61.0,-1.1533,No,-1.6994,4.4228,-0.0054,116.23
Maharashtra,Mumbai,2014,124.5608,17.4647,1.1533,26221.0833,98733.0,19259006.0,8782.0,61.0,-0.9425,No,-2.2698,4.5764,-0.0054,117.09
Maharashtra,Mumbai,2015,106.6219,38.6949,3.7782,186293.4247,6954650.2836,20420890.7493,21960.337,52.9918,2.4864,No,-3.806,11.3624,-0.0054,100.22
Maharashtra,Mumbai,2016,106.7322,38.6994,3.8606,227723.0574,7457440.2131,21511727.8702,22178.0628,55.9003,2.5856,No,-3.7245,11.4457,-0.0054,100.33
Maharashtra,Mumbai,2017,106.6219,38.6949,3.8176,147340.7301,8523915.9726,21196769.9452,22466.5781,53.9192,0.9984,No,-3.7666,11.4018,-0.0054,100.22
Maharashtra,Mumbai,2018,111.3425,38.9865,3.8332,119385.7507,9007959.3808,23537747.5096,22554.1658,53.8507,2.6708,No,-3.8082,11.4746,-0.0054,104.66
Maharashtra,Mumbai,2019,107.9507,48.3048,3.78,136109.7726,9921881.7288,24591785.0438,22872.7575,58.5288,1.2886,Yes,-5.6877,13.2477,-0.0054,101.47
Maharashtra,Mumbai,2020,104.5826,53.2064,3.7055,221809.2101,10790503.9415,24449158.7394,22710.367,57.4628,2.3805,Yes,-6.723,14.134,-0.0054,98.31
Maharashtra,Mumbai,2021,139.1192,16.5158,1.1658,28827.25,109256.0,28958424.0,8968.0,61.0,0.0858,Yes,-2.0713,4.4029,-0.0054,130.77
Maharashtra,Mumbai,2022,143.5225,18.314,1.0617,25541.1667,112140.0,30695929.0,9019.0,61.0,0.9833,Yes,-2.5278,4.6512,-0.0054,134.91
Maharashtra,Mumbai,2023,151.1117,18.0096,1.37,29670.0,119669.0,32537685.0,9152.0,61.0,1.2775,Yes,-2.1599,4.8999,-0.0054,142.04
Maharashtra,Mumbai,2024,140.1433,15.2729,1.0667,35377.75,112268.0,34489946.0,9021.0,61.0,-0.5308,Yes,-1.9268,4.0602,-0.0054,131.73
Maharashtra,Mumbai,2025,138.5375,16.5595,1.3775,23891.6667,111585.0,36559343.0,9009.0,61.0,-0.6992,Yes,-1.8682,4.6232,-0.0054,130.23
Meghalaya,Shillong,2010,93.6067,16.077,1.2867,28201.25,223961.0,88499.0,3174.0,43.0,0.395,No,-1.8644,4.4378,-0.0054,87.99
Meghalaya,Shillong,2011,98.5008,13.2106,1.2167,26326.6667,225718.0,93808.0,3205.0,43.0,-0.2875,No,-1.3726,3.806,-0.0054,92.59
Meghalaya,Shillong,2012,98.0483,13.4391,1.1133,27509.8333,226216.0,99437.0,3213.0,43.0,0.0125,No,-1.5208,3.7474,-0.0054,92.17
Meghalaya,Shillong,2013,99.2733,13.9777,1.365,29865.5,228611.0,105403.0,3256.0,43.0,0.0242,No,-1.3746,4.1046,-0.0054,93.32
Meghalaya,Shillong,2014,99.7033,9.6631,1.2442,20785.1667,230414.0,111727.0,3287.0,43.0,0.9908,No,-0.6498,3.1382,-0.0054,93.72
Meghalaya,Shillong,2015,103.9117,13.7564,1.16,30289.8333,232836.0,118431.0,3330.0,43.0,-0.86,No,-1.5363,3.8563,-0.0054,97.68
Meghalaya,Shillong,2016,99.085,14.3707,1.3117,32677.75,230398.0,125537.0,3287.0,43.0,-1.2892,No,-1.505,4.1284,-0.0054,93.14
Meghalaya,Shillong,2017,101.77,12.0871,1.2608,28889.0,232599.0,133069.0,3326.0,43.0,-0.0108,No,-1.1083,3.6299,-0.0054,95.66
Meghalaya,Shillong,2018,101.885,12.7778,1.0617,31172.4167,235546.0,141053.0,3378.0,43.0,-0.5292,No,-1.4427,3.5661,-0.0054,95.77
Meghalaya,Shillong,2019,46.0652,18.3756,1.7579,45492.7612,20672.3731,94556.5746,49283.7985,38.791,-1.2657,Yes,-1.8437,5.3595,-0.0054,43.3
Meghalaya,Shillong,2020,62.5008,29.5853,1.7511,45704.3191,15121.1489,91594.8191,51993.2872,40.0319,-1.1223,No,-4.0476,7.5498,-0.0054,58.75
Meghalaya,Shillong,2021,102.985,13.6918,1.2267,35048.4167,236331.0,167997.0,3392.0,43.0,0.5625,Yes,-1.4569,3.9103,-0.0054,96.81
Meghalaya,Shillong,2022,104.4233,12.566,1.1158,27548.25,242054.0,178076.0,3493.0,43.0,0.9033,Yes,-1.3471,3.5787,-0.0054,98.16
Meghalaya,Shillong,2023,107.9942,13.9083,1.1642,31884.5833,244772.0,188761.0,3541.0,43.0,0.78,Yes,-1.5618,3.8902,-0.0054,101.51
Meghalaya,Shillong,2024,106.7708,15.1252,1.1892,27583.0833,241701.0,200087.0,3487.0,43.0,-0.8658,Yes,-1.7753,4.1537,-0.0054,100.36
Meghalaya,Shillong,2025,104.31,15.0686,1.35,36775.25,239522.0,212092.0,3448.0,43.0,-1.2142,Yes,-1.6034,4.3034,-0.0054,98.05
Mizoram,Aizawl,2010,85.6525,12.3648,1.29,28201.25,223961.0,52251.0,3174.0,61.0,1.6308,No,-1.1335,3.7135,-0.0054,80.51
Mizoram,Aizawl,2011,87.855,12.6895,1.2267,26326.6667,225718.0,55386.0,3205.0,61.0,-1.8517,No,-1.2604,3.7138,-0.0054,82.58
Mizoram,Aizawl,2012,85.455,9.6702,1.1075,27509.8333,226216.0,58710.0,3213.0,61.0,-0.7167,No,-0.7879,3.0029,-0.0054,80.33
Mizoram,Aizawl,2013,88.1208,13.9786,1.3542,29865.5,228611.0,62232.0,3256.0,61.0,-0.5075,No,-1.3856,4.094,-0.0054,82.83
Mizoram,Aizawl,2014,86.3958,15.0489,1.2442,20785.1667,230414.0,65966.0,3287.0,61.0,-0.1533,No,-1.7054,4.1938,-0.0054,81.21
Mizoram,Aizawl,2015,89.5,14.3404,1.1717,30289.8333,232836.0,69924.0,3330.0,61.0,1.0242,No,-1.639,3.9824,-0.0054,84.13
Mizoram,Aizawl,2016,89.275,13.8113,1.3133,32677.75,230398.0,74119.0,3287.0,61.0,-0.83,No,-1.3937,4.0203,-0.0054,83.92
Mizoram,Aizawl,2017,92.275,12.2967,1.2708,28889.0,232599.0,78567.0,3326.0,61.0,-0.2325,No,-1.1394,3.681,-0.0054,86.74
Mizoram,Aizawl,2018,91.79,14.1899,1.0475,31172.4167,235546.0,83281.0,3378.0,61.0,-0.6942,No,-1.7337,3.8287,-0.0054,86.28
Mizoram,Aizawl,2019,90.9192,15.2095,1.33,25494.6667,237246.0,88277.0,3408.0,61.0,-1.0817,Yes,-1.6511,4.3111,-0.0054,85.46
Mizoram,Aizawl,2020,38.5854,24.7827,1.9487,52250.775,22959.9417,65315.2167,57812.2417,41.6667,-0.7101,Yes,-2.9087,6.8061,-0.0054,36.27
Mizoram,Aizawl,2021,92.845,12.6334,1.2317,35048.4167,236331.0,99189.0,3392.0,61.0,-0.43,Yes,-1.2444,3.7078,-0.0054,87.27
Mizoram,Aizawl,2022,97.7325,15.0121,1.11,27548.25,242054.0,105140.0,3493.0,61.0,-0.7967,Yes,-1.8324,4.0524,-0.0054,91.87
Mizoram,Aizawl,2023,100.4058,14.8209,1.1492,31884.5833,244772.0,111448.0,3541.0,61.0,-0.7258,Yes,-1.7557,4.0541,-0.0054,94.38
Mizoram,Aizawl,2024,99.3492,12.4972,1.18,27583.0833,241701.0,118135.0,3487.0,61.0,0.5225,Yes,-1.2695,3.6295,-0.0054,93.39
Mizoram,Aizawl,2025,94.3042,14.2317,1.35,36775.25,239522.0,125223.0,3448.0,61.0,-1.2183,Yes,-1.4394,4.1394,-0.0054,88.65
Odisha,Brajrajnagar,2010,98.0208,12.9698,1.1975,26964.4167,226737.0,50415.0,7637.0,59.0,0.7825,No,-1.3446,3.7396,-0.0054,92.14
Odisha,Brajrajnagar,2011,101.26,12.6341,1.2992,28335.8333,228093.0,53440.0,7660.0,59.0,-1.2058,No,-1.1771,3.7755,-0.0054,95.18
Odisha,Brajrajnagar,2012,102.1658,13.2696,1.1167,20311.4167,230048.0,56647.0,7695.0,59.0,-1.3092,No,-1.4841,3.7175,-0.0054,96.04
Odisha,Brajrajnagar,2013,104.5392,14.0688,1.3192,28770.9167,231544.0,60045.0,7721.0,59.0,0.1067,No,-1.4383,4.0767,-0.0054,98.27
Odisha,Brajrajnagar,2014,106.8442,14.3969,1.3292,20796.25,232539.0,63648.0,7739.0,59.0,-0.7558,No,-1.4926,4.151,-0.0054,100.43
Odisha,Brajrajnagar,2015,106.375,13.4287,1.2042,23732.5,231994.0,67467.0,7729.0,59.0,-0.4542,No,-1.4278,3.8362,-0.0054,99.99
Odisha,Brajrajnagar,2016,110.1758,14.4217,1.2133,25206.4167,234703.0,71515.0,7777.0,59.0,1.5025,No,-1.6134,4.04,-0.0054,103.57
Odisha,Brajrajnagar,2017,175.0969,63.3185,3.5572,629515.1389,195993.2222,74617.5833,17824.3611,45.3056,0.3003,No,-8.8532,15.9676,-0.0054,164.59
Odisha,Brajrajnagar,2018,153.6219,70.811,4.2538,873090.7288,176383.1562,71603.9808,22412.8192,39.789,-1.094,No,-9.6252,18.1328,-0.0054,144.4
Odisha,Brajrajnagar,2019,144.6521,65.4365,4.297,894240.2164,168338.9014,69795.2219,22707.0384,40.1397,-0.7197,No,-8.5286,17.1226,-0.0054,135.97
Odisha,Brajrajnagar,2020,136.8555,46.5057,4.2384,862593.1223,171807.6436,71131.3457,22200.5957,40.0426,-1.267,No,-4.8767,13.3535,-0.0054,128.64
Odisha,Brajrajnagar,2021,128.6225,16.1667,1.15,24689.5833,249420.0,95703.0,8037.0,59.0,0.4992,Yes,-2.0187,4.3187,-0.0054,120.91
Odisha,Brajrajnagar,2022,120.5133,15.9075,1.3117,23232.3333,242546.0,101445.0,7915.0,59.0,-0.4858,Yes,-1.8062,4.4296,-0.0054,113.28
Odisha,Brajrajnagar,2023,132.755,16.7725,1.3033,25208.3333,249451.0,107532.0,8037.0,59.0,0.5283,Yes,-1.9841,4.5907,-0.0054,124.79
Odisha,Brajrajnagar,2024,139.1508,17.2676,1.4,25223.4167,256081.0,113984.0,8154.0,59.0,0.7333,Yes,-1.9844,4.7844,-0.0054,130.8
Odisha,Brajrajnagar,2025,143.3017,20.6931,1.1392,26546.6667,257534.0,120823.0,8180.0,59.0,-0.2308,Yes,-2.9166,5.195,-0.0054,134.7
Odisha,Talcher,2010,188.3075,19.7551,1.21,24023.3333,63559.0,129693.0,9934.0,46.0,0.475,No,-2.662,5.082,-0.0054,177.01
Odisha,Talcher,2011,186.2533,23.3717,1.0758,26439.8333,64724.0,137474.0,9954.0,46.0,0.6508,No,-3.5051,5.6567,-0.0054,175.08
Odisha,Talcher,2012,187.37,23.6241,1.1608,28385.1667,65603.0,145723.0,9970.0,46.0,1.5792,No,-3.4695,5.7911,-0.0054,176.13
Odisha,Talcher,2013,189.6808,22.2049,1.4442,26230.8333,66997.0,154466.0,9994.0,46.0,0.5983,No,-2.908,5.7964,-0.0054,178.3
Odisha,Talcher,2014,196.1083,26.548,1.0825,26226.9167,71668.0,163734.0,10077.0,46.0,-1.2083,No,-4.1209,6.2859,-0.0054,184.34
Odisha,Talcher,2015,194.6267,24.4417,1.5617,24774.9167,68864.0,173558.0,10027.0,46.0,0.4542,No,-3.2289,6.3523,-0.0054,182.95
Odisha,Talcher,2016,197.9558,27.5169,1.1625,27033.75,72703.0,183971.0,10095.0,46.0,-0.2908,No,-4.2308,6.5558,-0.0054,186.08
Odisha,Talcher,2017,223.0483,30.8924,2.9287,1292477.6522,297630.6087,163304.2609,23191.2609,45.3478,-0.3335,No,-3.1262,8.9836,-0.0054,209.67
Odisha,Talcher,2018,183.9068,111.1165,4.7289,2618572.6384,500800.811,135700.6493,38410.6384,37.8986,-1.0057,No,-17.0499,26.5077,-0.0054,172.87
Odisha,Talcher,2019,163.726,96.3874,4.7522,2591069.6904,497206.989,135041.8603,37855.4575,40.0767,-0.9398,No,-14.1397,23.6441,-0.0054,153.9
Odisha,Talcher,2020,159.821,86.8609,4.6747,2489381.734,490255.5532,140466.7128,36664.2021,41.2766,-0.9253,No,-12.35,21.6994,-0.0054,150.23
Odisha,Talcher,2021,200.52,25.2962,1.1975,24362.25,76086.0,246195.0,10155.0,46.0,-0.2,Yes,-3.7606,6.1556,-0.0054,188.49
Odisha,Talcher,2022,216.325,23.5352,1.1867,25853.5,85038.0,260967.0,10313.0,46.0,0.4717,Yes,-3.4262,5.7996,-0.0054,203.35
Odisha,Talcher,2023,208.8033,30.2131,1.1092,22357.25,80204.0,276625.0,10227.0,46.0,-0.665,Yes,-4.8126,7.031,-0.0054,196.28
Odisha,Talcher,2024,213.2142,29.3147,1.185,26619.5,84392.0,293223.0,10301.0,46.0,-1.77,Yes,-4.5607,6.9307,-0.0054,200.42
Odisha,Talcher,2025,211.6733,25.342,1.3825,20051.6667,84422.0,310816.0,10302.0,46.0,0.2758,Yes,-3.5845,6.3495,-0.0054,198.97
Punjab,Amritsar,2010,138.3142,17.8084,1.3908,25471.75,247569.0,575290.0,3158.0,36.0,0.2342,No,-2.0996,4.8812,-0.0054,130.02
Punjab,Amritsar,2011,139.9258,17.878,1.1058,29256.4167,249668.0,609808.0,3195.0,36.0,-0.1483,No,-2.3983,4.6099,-0.0054,131.53
Punjab,Amritsar,2012,140.8133,15.7103,1.275,33905.9167,250705.0,646396.0,3213.0,36.0,-1.1583,No,-1.8042,4.3542,-0.0054,132.36
Punjab,Amritsar,2013,140.2225,18.4725,1.3308,27985.5833,251325.0,685180.0,3224.0,36.0,-0.735,No,-2.2898,4.9514,-0.0054,131.81
Punjab,Amritsar,2014,145.7267,18.1388,1.3825,27088.75,255737.0,726291.0,3302.0,36.0,-0.7808,No,-2.1727,4.9377,-0.0054,136.98
Punjab,Amritsar,2015,144.8758,21.2123,1.2717,26251.9167,252850.0,769868.0,3251.0,36.0,-0.975,No,-2.8859,5.4293,-0.0054,136.18
Punjab,Amritsar,2016,149.5625,20.0002,1.25,26899.6667,258722.0,816060.0,3354.0,36.0,-0.1542,No,-2.67,5.17,-0.0054,140.59
Punjab,Amritsar,2017,142.5383,91.6325,2.0657,271813.2427,1806907.3689,775382.1424,4540.9644,38.0518,2.6751,No,-15.8943,20.0257,-0.0054,133.99
Punjab,Amritsar,2018,119.6712,77.1352,2.0193,436871.837,1934032.7644,854297.6849,4599.3055,37.7164,1.2995,No,-13.0992,17.1378,-0.0054,112.49
Punjab,Amritsar,2019,109.3274,60.393,2.0563,268371.6301,2126898.5589,838221.4288,4653.5493,37.3452,3.3756,Yes,-9.7807,13.8933,-0.0054,102.77
Punjab,Amritsar,2020,94.9935,47.0617,1.8927,206862.7979,2292984.3032,884284.5479,4682.3431,29.5,2.3571,Yes,-7.3314,11.1168,-0.0054,89.29
Punjab,Amritsar,2021,157.6317,21.0051,1.1083,25213.1667,263741.0,1092072.0,3443.0,36.0,0.1658,Yes,-3.0087,5.2253,-0.0054,148.17
Punjab,Amritsar,2022,158.695,18.2085,1.1792,34544.25,265317.0,1157597.0,3471.0,36.0,0.3,Yes,-2.3897,4.7481,-0.0054,149.17
Punjab,Amritsar,2023,155.0775,19.117,1.155,22705.1667,260954.0,1227053.0,3394.0,36.0,0.395,Yes,-2.5919,4.9019,-0.0054,145.77
Punjab,Amritsar,2024,164.6258,21.7261,1.315,31850.6667,269313.0,1300676.0,3541.0,36.0,-0.4525,Yes,-2.9433,5.5733,-0.0054,154.75
Punjab,Amritsar,2025,173.7117,23.4384,1.375,26268.0,275880.0,1378716.0,3657.0,36.0,0.31,Yes,-3.2189,5.9689,-0.0054,163.29
Rajasthan,Jaipur,2010,149.1058,18.5062,0.9833,30485.1667,143369.0,1660107.0,11548.0,34.0,-0.9042,No,-2.6439,4.6105,-0.0054,140.16
Rajasthan,Jaipur,2011,150.9742,18.8308,1.2842,20454.5,145294.0,1759714.0,11581.0,34.0,-0.3092,No,-2.4066,4.975,-0.0054,141.92
Rajasthan,Jaipur,2012,152.8842,18.9707,1.2967,28425.1667,145608.0,1865297.0,11587.0,34.0,-1.1383,No,-2.4216,5.015,-0.0054,143.71
Rajasthan,Jaipur,2013,154.3283,18.9336,1.2533,29828.1667,147307.0,1977214.0,11617.0,34.0,0.8317,No,-2.4577,4.9643,-0.0054,145.07
Rajasthan,Jaipur,2014,158.0283,19.1736,1.2417,25837.8333,150907.0,2095847.0,11681.0,34.0,1.3658,No,-2.5163,4.9997,-0.0054,148.55
Rajasthan,Jaipur,2015,155.1633,20.2475,1.1617,24775.0833,149953.0,2221598.0,11664.0,34.0,-0.325,No,-2.8068,5.1302,-0.0054,145.85
Rajasthan,Jaipur,2016,160.8233,21.4864,1.2083,32316.1667,153259.0,2354894.0,11722.0,34.0,-0.905,No,-3.003,5.4196,-0.0054,151.17
Rajasthan,Jaipur,2017,150.2886,68.1044,3.0037,199173.6019,3403773.4563,2163664.3398,6826.1917,35.8422,3.4414,No,-10.3448,16.3522,-0.0054,141.27
Rajasthan,Jaipur,2018,150.0274,51.2714,2.8996,227509.3315,3739966.9397,2198248.5,6829.4,36.9164,-0.4722,No,-7.1496,12.9488,-0.0054,141.03
Rajasthan,Jaipur,2019,120.5123,49.036,2.8852,92640.6877,4178431.5904,2310182.9041,6851.2247,33.1329,3.1085,Yes,-6.7259,12.4963,-0.0054,113.28
Rajasthan,Jaipur,2020,106.8276,27.046,2.7561,95098.5186,4331030.6862,2420880.6277,7054.7633,34.9947,3.7144,Yes,-2.5449,8.0571,-0.0054,100.42
Rajasthan,Jaipur,2021,168.83,23.6526,1.065,20048.3333,157966.0,3151379.0,11805.0,34.0,1.0833,Yes,-3.5709,5.7009,-0.0054,158.7
Rajasthan,Jaipur,2022,167.5267,23.6966,1.2492,28183.9167,157047.0,3340462.0,11789.0,34.0,-0.9833,Yes,-3.3953,5.8937,-0.0054,157.48
Rajasthan,Jaipur,2023,166.5942,20.6225,1.4975,27702.0,158743.0,3540890.0,11819.0,34.0,-0.6725,Yes,-2.5445,5.5395,-0.0054,156.6
Rajasthan,Jaipur,2024,168.7383,21.0257,1.07,28311.5833,160590.0,3753343.0,11851.0,34.0,0.6017,Yes,-3.051,5.191,-0.0054,158.61
Rajasthan,Jaipur,2025,172.5133,21.8511,1.1875,30410.1667,162005.0,3978544.0,11876.0,34.0,-0.2983,Yes,-3.0953,5.4703,-0.0054,162.16
Tamil Nadu,Chennai,2010,144.7783,16.5742,1.1008,22408.75,46051.0,12724261.0,6982.0,55.0,0.6533,No,-2.1477,4.3493,-0.0054,136.09
Tamil Nadu,Chennai,2011,146.3592,19.9817,1.235,28579.4167,47188.0,13487717.0,7002.0,55.0,0.6658,No,-2.6814,5.1514,-0.0054,137.58
Tamil Nadu,Chennai,2012,148.5667,20.249,1.3008,27713.0,48292.0,14296980.0,7021.0,55.0,0.3892,No,-2.668,5.2696,-0.0054,139.65
Tamil Nadu,Chennai,2013,150.2108,19.3101,1.2517,26708.0833,51626.0,15154798.0,7080.0,55.0,0.0975,No,-2.5331,5.0365,-0.0054,141.2
Tamil Nadu,Chennai,2014,154.4258,20.2231,1.3308,31199.8333,53409.0,16064086.0,7111.0,55.0,-0.6325,No,-2.6329,5.2945,-0.0054,145.16
Tamil Nadu,Chennai,2015,138.2438,51.3941,4.7378,122149.0712,4590517.7151,17173320.7123,28168.1027,53.474,1.3378,No,-5.3354,14.811,-0.0054,129.95
Tamil Nadu,Chennai,2016,135.1694,57.3136,4.7109,142759.0,4951137.0383,17704175.1995,28471.3456,52.8306,-0.2694,No,-6.5226,15.9444,-0.0054,127.06
Tamil Nadu,Chennai,2017,104.4712,50.6348,4.6887,172334.426,5465248.9233,18915833.8466,28557.5795,57.4904,2.7964,No,-5.2357,14.6131,-0.0054,98.2
Tamil Nadu,Chennai,2018,105.4904,40.337,4.7553,161552.5918,5857890.611,19151395.4795,29249.4466,54.1247,0.9505,No,-3.1508,12.6614,-0.0054,99.16
Tamil Nadu,Chennai,2019,102.9425,41.6744,4.6856,117733.3795,6390675.3562,20333119.1452,29553.837,58.0411,1.5084,Yes,-3.4826,12.8538,-0.0054,96.77
Tamil Nadu,Chennai,2020,82.6194,27.304,4.6148,199851.9468,6898559.8351,20105566.9734,29026.8511,50.1223,0.8045,Yes,-0.7368,9.9664,-0.0054,77.66
Tamil Nadu,Chennai,2021,177.9042,21.8607,1.2142,23646.1667,68233.0,24154446.0,7373.0,55.0,0.4508,Yes,-3.0705,5.4989,-0.0054,167.23
Tamil Nadu,Chennai,2022,174.4275,21.9239,1.165,31806.5,69925.0,25603713.0,7403.0,55.0,1.2208,Yes,-3.1321,5.4621,-0.0054,163.96
Tamil Nadu,Chennai,2023,162.7108,19.9577,1.1592,34711.0,60641.0,27139936.0,7239.0,55.0,-0.115,Yes,-2.7525,5.0709,-0.0054,152.95
Tamil Nadu,Chennai,2024,167.3967,22.9399,1.3092,28808.4167,64621.0,28768332.0,7309.0,55.0,0.0558,Yes,-3.187,5.8054,-0.0054,157.35
Tamil Nadu,Chennai,2025,182.8333,24.2113,1.2933,31129.9167,75725.0,30494432.0,7505.0,55.0,-0.0258,Yes,-3.4521,6.0387,-0.0054,171.86
Tamil Nadu,Coimbatore,2010,134.8683,15.9032,1.2717,27421.9167,40361.0,4080603.0,4519.0,34.0,0.0617,No,-1.8453,4.3887,-0.0054,126.78
Tamil Nadu,Coimbatore,2011,135.8225,17.6232,1.1558,28512.0833,42483.0,4325439.0,4556.0,34.0,-0.5492,No,-2.2983,4.6099,-0.0054,127.67
Tamil Nadu,Coimbatore,2012,135.7442,17.1967,1.3358,29771.0,44541.0,4584965.0,4592.0,34.0,0.6508,No,-2.0348,4.7064,-0.0054,127.6
Tamil Nadu,Coimbatore,2013,137.6292,17.8911,1.19,18719.9167,44973.0,4860063.0,4600.0,34.0,0.0658,No,-2.3167,4.6967,-0.0054,129.37
Tamil Nadu,Coimbatore,2014,139.7258,18.512,1.3075,26508.25,45234.0,5151667.0,4605.0,34.0,0.195,No,-2.3209,4.9359,-0.0054,131.34
Tamil Nadu,Coimbatore,2015,147.6458,20.9265,1.185,33119.3333,50600.0,5460767.0,4699.0,34.0,-1.4217,No,-2.9166,5.2866,-0.0054,138.79
Tamil Nadu,Coimbatore,2016,144.8192,20.1063,1.1358,24258.5833,49842.0,5788413.0,4686.0,34.0,-0.2092,No,-2.805,5.0766,-0.0054,136.13
Tamil Nadu,Coimbatore,2017,152.6625,20.0229,1.1083,25605.0,53497.0,6135718.0,4750.0,34.0,-0.3583,No,-2.8162,5.0328,-0.0054,143.5
Tamil Nadu,Coimbatore,2018,155.1375,18.5908,1.2283,29626.9167,56889.0,6503861.0,4810.0,34.0,0.1608,No,-2.4155,4.8721,-0.0054,145.83
Tamil Nadu,Coimbatore,2019,78.3926,16.9575,4.6983,136865.8654,2639706.3582,5479042.5601,8049.4351,34.4423,2.7285,Yes,1.3746,8.022,-0.0054,73.69
Tamil Nadu,Coimbatore,2020,72.8047,25.7359,4.6121,275981.5931,2851509.8856,5581123.1383,8285.7394,36.0957,2.5487,No,-0.4321,9.6563,-0.0054,68.44
Tamil Nadu,Coimbatore,2021,163.0292,19.688,1.1225,25356.5833,62531.0,7746202.0,4910.0,34.0,-0.2075,Yes,-2.7363,4.9813,-0.0054,153.25
Tamil Nadu,Coimbatore,2022,153.0267,19.5309,1.2092,31484.3333,55004.0,8210974.0,4777.0,34.0,-0.8583,Yes,-2.6189,5.0373,-0.0054,143.85
Tamil Nadu,Coimbatore,2023,155.9767,19.9996,1.2033,29581.9167,57919.0,8703633.0,4828.0,34.0,0.8475,Yes,-2.7166,5.1232,-0.0054,146.62
Tamil Nadu,Coimbatore,2024,152.315,20.6764,1.2942,25738.0833,55020.0,9225851.0,4777.0,34.0,1.1825,Yes,-2.7584,5.3468,-0.0054,143.18
Tamil Nadu,Coimbatore,2025,168.2875,19.6061,1.1625,27172.6667,68502.0,9779402.0,5015.0,34.0,-0.8458,Yes,-2.6803,5.0053,-0.0054,158.19
Telangana,Hyderabad,2010,187.5017,24.5963,1.115,20464.75,117504.0,5703294.0,2253.0,38.0,-0.22,No,-3.7059,5.9359,-0.0054,176.25
Telangana,Hyderabad,2011,189.8575,27.2856,1.1975,29834.5,118862.0,6045492.0,2276.0,38.0,0.03,No,-4.1505,6.5455,-0.0054,178.47
Telangana,Hyderabad,2012,189.5425,24.945,1.2825,31118.0,120613.0,6408221.0,2307.0,38.0,1.9917,No,-3.6067,6.1717,-0.0054,178.17
Telangana,Hyderabad,2013,192.5067,24.8698,1.115,21182.5,121145.0,6792714.0,2317.0,38.0,-0.0025,No,-3.7595,5.9895,-0.0054,180.96
Telangana,Hyderabad,2014,194.7892,28.899,1.2067,26478.5,124761.0,7200277.0,2381.0,38.0,-0.0275,No,-4.4575,6.8709,-0.0054,183.1
Telangana,Hyderabad,2015,137.5746,65.2842,4.0891,315950.5345,5255066.982,7433328.2721,19678.7956,32.4959,2.8572,No,-8.7066,16.8848,-0.0054,129.32
Telangana,Hyderabad,2016,120.0943,63.8199,4.0116,216805.3648,5587239.2336,7507289.4631,19826.9617,37.9262,1.8339,No,-8.4971,16.5203,-0.0054,112.89
Telangana,Hyderabad,2017,112.2658,42.7995,4.0411,241713.9014,6328887.7,8040586.6151,20019.7027,35.0164,1.8691,No,-4.3476,12.4298,-0.0054,105.53
Telangana,Hyderabad,2018,97.5562,33.1006,3.9976,383541.5795,6800242.8466,8292031.2822,20266.0178,36.0192,0.8595,No,-2.4901,10.4853,-0.0054,91.7
Telangana,Hyderabad,2019,93.9808,37.3938,4.0541,389780.4342,7195889.6096,8620718.7973,20507.3192,34.7767,3.419,Yes,-3.2751,11.3833,-0.0054,88.34
Telangana,Hyderabad,2020,81.8495,34.7547,3.9064,345848.8963,7969599.4894,9240112.9362,20271.7952,35.7234,3.2382,Yes,-2.9055,10.7183,-0.0054,76.94
Telangana,Hyderabad,2021,213.4775,27.7342,1.2667,28528.0,136433.0,10826555.0,2587.0,38.0,-1.1342,Yes,-4.1692,6.7026,-0.0054,200.67
Telangana,Hyderabad,2022,210.24,28.6781,1.135,32882.4167,134350.0,11476148.0,2550.0,38.0,-0.0917,Yes,-4.4859,6.7559,-0.0054,197.63
Telangana,Hyderabad,2023,218.49,28.6642,1.4208,35408.25,144236.0,12164717.0,2724.0,38.0,0.0,Yes,-4.1974,7.039,-0.0054,205.38
Telangana,Hyderabad,2024,212.06,30.0582,1.1033,21994.0833,136728.0,12894600.0,2592.0,38.0,0.6067,Yes,-4.7881,6.9947,-0.0054,199.34
Telangana,Hyderabad,2025,208.7617,28.6617,1.2983,26302.8333,134109.0,13668276.0,2546.0,38.0,0.2325,Yes,-4.3194,6.916,-0.0054,196.24
Uttar Pradesh,Lucknow,2010,206.1775,26.0633,1.3267,37222.9167,243297.0,710918.0,5617.0,26.5,-0.6067,No,-3.7817,6.4351,-0.0054,193.81
Uttar Pradesh,Lucknow,2011,209.8233,25.4678,1.25,32239.3333,245274.0,753573.0,5651.0,26.5,0.3942,No,-3.7417,6.2417,-0.0054,197.23
Uttar Pradesh,Lucknow,2012,212.19,28.6786,1.3842,26431.6667,246638.0,798787.0,5675.0,26.5,0.2408,No,-4.2368,7.0052,-0.0054,199.46
Uttar Pradesh,Lucknow,2013,210.0358,22.3982,1.2233,28828.4167,246660.0,846715.0,5676.0,26.5,-1.555,No,-3.1667,5.6133,-0.0054,197.43
Uttar Pradesh,Lucknow,2014,213.7817,25.5713,1.1217,30652.9167,250968.0,897517.0,5752.0,26.5,0.4817,No,-3.8903,6.1337,-0.0054,200.95
Uttar Pradesh,Lucknow,2015,221.1781,123.0231,2.1867,332265.3986,2177092.4274,953804.6192,1916.8438,32.3575,0.6354,No,-21.9258,26.2992,-0.0054,207.91
Uttar Pradesh,Lucknow,2016,234.1585,121.956,2.3298,210020.3361,2421160.3648,1006438.9167,1947.5546,33.0423,0.501,No,-21.5736,26.2332,-0.0054,220.11
Uttar Pradesh,Lucknow,2017,236.8521,121.1303,2.4214,150803.011,2597886.1726,1012312.8493,1975.3753,35.1247,-0.2589,No,-21.3201,26.1629,-0.0054,222.64
Uttar Pradesh,Lucknow,2018,233.7726,111.0119,2.0411,184663.4932,2824024.8603,1092669.0151,1994.7685,35.1466,1.8123,No,-19.7172,23.7994,-0.0054,219.75
Uttar Pradesh,Lucknow,2019,202.5616,100.5439,2.4514,238883.5082,3080102.411,1140098.4603,2024.8603,32.0795,2.8469,Yes,-17.2552,22.158,-0.0054,190.41
Uttar Pradesh,Lucknow,2020,158.8925,83.3656,2.3662,200361.8378,3338790.1809,1252320.0505,2145.4654,31.766,4.9415,Yes,-13.9735,18.7059,-0.0054,149.36
Uttar Pradesh,Lucknow,2021,224.3633,30.5322,1.1575,22463.8333,254905.0,1349534.0,5821.0,26.5,-0.4733,Yes,-4.8268,7.1418,-0.0054,210.9
Uttar Pradesh,Lucknow,2022,223.6633,28.2136,1.2,32887.3333,257212.0,1430506.0,5862.0,26.5,0.6108,Yes,-4.3299,6.7299,-0.0054,210.24
Uttar Pradesh,Lucknow,2023,240.1875,27.5767,1.3275,26725.4167,270304.0,1516337.0,6093.0,26.5,-1.6025,Yes,-4.0775,6.7325,-0.0054,225.78
Uttar Pradesh,Lucknow,2024,230.585,30.7704,1.3358,30771.0833,263798.0,1607317.0,5978.0,26.5,1.0825,Yes,-4.6952,7.3668,-0.0054,216.75
Uttar Pradesh,Lucknow,2025,229.9092,29.1267,1.1375,32049.4167,262257.0,1703756.0,5951.0,26.5,0.3467,Yes,-4.5713,6.8463,-0.0054,216.11
West Bengal,Kolkata,2010,220.915,26.5604,1.3692,22771.3333,36925.0,8985713.0,6484.0,56.5,-0.2508,No,-3.8366,6.575,-0.0054,207.66
West Bengal,Kolkata,2011,225.7108,32.3027,1.1592,33097.5833,38375.0,9524855.0,6509.0,56.5,0.2133,No,-5.1721,7.4905,-0.0054,212.17
West Bengal,Kolkata,2012,225.6233,28.2407,1.2917,30614.3333,39215.0,10096347.0,6524.0,56.5,-0.1867,No,-4.2435,6.8269,-0.0054,212.09
West Bengal,Kolkata,2013,230.3908,31.39,1.1975,28038.5,41794.0,10702128.0,6569.0,56.5,-1.3783,No,-4.9549,7.3499,-0.0054,216.57
West Bengal,Kolkata,2014,234.3142,29.3774,1.275,30518.75,44555.0,11344255.0,6618.0,56.5,1.2517,No,-4.483,7.033,-0.0054,220.26
West Bengal,Kolkata,2015,232.0825,31.3984,1.1233,33513.6667,43714.0,12024910.0,6603.0,56.5,0.1042,No,-5.0308,7.2774,-0.0054,218.16
West Bengal,Kolkata,2016,240.9933,30.6007,1.3667,19527.5833,49066.0,12746405.0,6698.0,56.5,-0.415,No,-4.631,7.3644,-0.0054,226.53
West Bengal,Kolkata,2017,240.8525,26.9092,1.195,34918.3333,49282.0,13511189.0,6702.0,56.5,-0.6933,No,-4.0792,6.4692,-0.0054,226.4
West Bengal,Kolkata,2018,136.3768,112.983,4.1174,258836.7026,4255719.9963,12277860.2844,26496.8011,55.2026,0.4631,No,-18.0273,26.2621,-0.0054,128.19
West Bengal,Kolkata,2019,143.9096,104.6162,4.0249,293600.4671,4653006.163,12378003.5726,26669.3521,55.2575,1.202,Yes,-16.4799,24.5297,-0.0054,135.28
West Bengal,Kolkata,2020,121.1272,79.5215,3.967,266715.2447,4983887.4628,13044089.117,26609.8723,52.0984,3.2544,Yes,-11.6192,19.5532,-0.0054,113.86
West Bengal,Kolkata,2021,248.1108,34.4432,1.1242,31891.6667,55681.0,17057565.0,6815.0,56.5,1.6367,Yes,-5.6267,7.8751,-0.0054,233.22
West Bengal,Kolkata,2022,241.0242,33.4982,1.2075,28063.6667,51041.0,18081019.0,6733.0,56.5,-1.1567,Yes,-5.3581,7.7731,-0.0054,226.56
West Bengal,Kolkata,2023,251.3792,33.3119,1.2292,22943.1667,54203.0,19165880.0,6788.0,56.5,0.0433,Yes,-5.2999,7.7583,-0.0054,236.3
West Bengal,Kolkata,2024,250.51,30.1837,1.29,23969.8333,57820.0,20315833.0,6852.0,56.5,0.1742,Yes,-4.626,7.206,-0.0054,235.48
West Bengal,Kolkata,2025,241.7983,26.6862,1.2592,25094.8333,52260.0,21534783.0,6754.0,56.5,-1.3508,Yes,-3.9713,6.4897,-0.0054,227.29
